{
  "MoreEnemies_menu_title": "Spawn More Enemies",
  "MoreEnemies_menu_desc": " ",
  "MoreEnemies_assault_force_title": "Assault Force",
  "MoreEnemies_assault_force_desc": "A tweak value that defined how many cops spawn.",
  "MoreEnemies_menu_force_cap_title": "Enable Force Cap",
  "MoreEnemies_menu_force_cap_desc": "A function to kill cops when there are too many in the heist.",
  "MoreEnemies_force_cap_attach_title": "Cap All",
  "MoreEnemies_force_cap_attach_desc": "How many enemies required to active 'Force Cap'.",
  "MoreEnemies_menu_more_sniper_title": "Enable More Sniper",
  "MoreEnemies_menu_more_sniper_desc": "Enable Spawn More Sniper",
  "MoreEnemies_menu_more_spawn_title": "Spawn Even More",
  "MoreEnemies_menu_more_spawn_desc": "Additional cops in each spawn.",
  "MoreEnemies_force_cap_normal_title": "Cap Normal",
  "MoreEnemies_force_cap_normal_desc": "How many normal cops is too many.",
  "MoreEnemies_special_max_tank_title": "Maximum of Bulldoazer",
  "MoreEnemies_special_max_taser_title": "Maximum of Taser",
  "MoreEnemies_special_max_spooc_title": "Maximum of Cloaker",
  "MoreEnemies_special_max_shield_title": "Maximum of Shield",
  "MoreEnemies_special_max_medic_title": "Maximum of Medic",
  "MoreEnemies_special_max_sniper_title": "Maximum of Sniper",
  "MoreEnemies_general_groups_multiplier_title": "Groups Multiplier",
  "MoreEnemies_general_groups_multiplier_desc": "Value to increase the amount in each group",
  "MoreEnemies_general_max_of_groups_title": "Groups Maximum",
  "MoreEnemies_general_max_of_groups_desc": "Maximum of Cops in each group",
  "MoreEnemies_menu_more_sniper_amount_title": "More Sniper (Amount)",
  "MoreEnemies_menu_more_sniper_amount_desc": "How many?",
  "MoreEnemies_menu_more_sniper_delay_title": "More Sniper (Delay)",
  "MoreEnemies_menu_more_sniper_delay_desc": "How long?",
  "MoreEnemies_menu_reset_config_title": "Back to Default",
  "MoreEnemies_menu_reset_config_desc": " ",
  "MoreEnemies_menu_focred_dead_title": "Enable Force Kill",
  "MoreEnemies_menu_focred_dead_desc": "A function to kill cops after a minute."
}