{
  "MoreEnemies_menu_title": "Spawn More Enemies",
  "MoreEnemies_menu_desc": " ",
  "MoreEnemies_menu_force_cap_title": "Enable Force Cap",
  "MoreEnemies_menu_force_cap_desc": "A function to kill enemies when there are too many",
  "MoreEnemies_force_cap_attach_title": "Cap All",
  "MoreEnemies_force_cap_attach_desc": "How many enemies require to active 'Force Cap'",
  "MoreEnemies_menu_more_sniper_title": "Enable More Sniper",
  "MoreEnemies_menu_more_sniper_desc": "Enable Spawn More Sniper",
  "MoreEnemies_menu_more_spawn_title": "Spawn Even More",
  "MoreEnemies_menu_more_spawn_desc": "IF this isn't enough",
  "MoreEnemies_force_cap_normal_title": "Cap Normal",
  "MoreEnemies_force_cap_normal_desc": "How many normal enemies is too many",
  "MoreEnemies_special_max_tank_title": "Maximum of Bulldoazer",
  "MoreEnemies_special_max_taser_title": "Maximum of Taser",
  "MoreEnemies_special_max_spooc_title": "Maximum of Cloaker",
  "MoreEnemies_special_max_shield_title": "Maximum of Shield",
  "MoreEnemies_special_max_medic_title": "Maximum of Medic",
  "MoreEnemies_special_max_sniper_title": "Maximum of Sniper",
  "MoreEnemies_general_groups_multiplier_title": "Groups Multiplier",
  "MoreEnemies_general_groups_multiplier_desc": "Value to increase the amount in each group",
  "MoreEnemies_general_max_of_groups_title": "Groups Maximum",
  "MoreEnemies_general_max_of_groups_desc": "Maximum of Cops in each group",
  "MoreEnemies_menu_more_sniper_amount_title": "More Sniper (Amount)",
  "MoreEnemies_menu_more_sniper_amount_desc": "How many?",
  "MoreEnemies_menu_more_sniper_delay_title": "More Sniper (Delay)",
  "MoreEnemies_menu_more_sniper_delay_desc": "How long?",
  "MoreEnemies_menu_reset_config_title": "Back to Default",
  "MoreEnemies_menu_reset_config_desc": " "
}