{
	"menu_id":"id_MoreEnemies",
	"parent_menu_id":"blt_options",
	"title":"MoreEnemies_menu_title",
	"description":"MoreEnemies_menu_desc",
	"back_callback":"MoreEnemies_toggle_save",
	"items":[
		{
			"type":"toggle",
			"id":"id_MoreEnemies_force_cap",
			"title":"MoreEnemies_menu_force_cap_title",
			"description":"MoreEnemies_menu_force_cap_desc",
			"callback":"MoreEnemies_force_cap",
			"value":"force_cap",
			"default_value":false
		},
		{
			"type":"toggle",
			"id":"id_MoreEnemies_more_sniper",
			"title":"MoreEnemies_menu_more_sniper_title",
			"description":"MoreEnemies_menu_more_sniper_desc",
			"callback":"MoreEnemies_more_sniper",
			"value":"more_sniper",
			"default_value":true
		},
		{
			"type":"toggle",
			"id":"id_MoreEnemies_more_spawn",
			"title":"MoreEnemies_menu_more_spawn_title",
			"description":"MoreEnemies_menu_more_spawn_desc",
			"callback":"MoreEnemies_more_spawn",
			"value":"more_spawn",
			"default_value":false
		},
		{
			"type":"slider",
			"id":"id_MoreEnemies_force_cap_attach",
			"title":"MoreEnemies_force_cap_attach_title",
			"description":"MoreEnemies_force_cap_attach_desc",
			"callback":"MoreEnemies_force_cap_attach",
			"value":"force_cap_attach",
			"default_value":90,
			"max":999,
			"min":0,
			"step":1
		},
		{
			"type":"slider",
			"id":"id_MoreEnemies_force_cap_normal",
			"title":"MoreEnemies_force_cap_normal_title",
			"description":"MoreEnemies_force_cap_normal_desc",
			"callback":"MoreEnemies_force_cap_normal",
			"value":"force_cap_normal",
			"default_value":70,
			"max":999,
			"min":0,
			"step":1
		}
	]
}