{
	"menu_id":"id_MoreEnemies",
	"parent_menu_id":"blt_options",
	"title":"MoreEnemies_menu_title",
	"description":"MoreEnemies_menu_desc",
	"back_callback":"MoreEnemies_toggle_save",
	"items":[
		{
			"type":"toggle",
			"id":"id_MoreEnemies_force_cap",
			"title":"MoreEnemies_menu_force_cap_title",
			"description":"MoreEnemies_menu_force_cap_desc",
			"callback":"MoreEnemies_force_cap",
			"value":"force_cap",
			"default_value":false
		},
		{
			"type":"toggle",
			"id":"id_MoreEnemies_more_sniper",
			"title":"MoreEnemies_menu_more_sniper_title",
			"description":"MoreEnemies_menu_more_sniper_desc",
			"callback":"MoreEnemies_more_sniper",
			"value":"more_sniper",
			"default_value":true
		},
		{
			"type":"slider",
			"id":"id_MoreEnemies_force_cap_attach",
			"title":"MoreEnemies_force_cap_attach_title",
			"description":"MoreEnemies_force_cap_attach_desc",
			"callback":"MoreEnemies_force_cap_attach",
			"value":"force_cap_attach",
			"default_value":90,
			"max":999,
			"min":0,
			"step":1
		},
		{
			"type":"slider",
			"id":"id_MoreEnemies_force_cap_normal",
			"title":"MoreEnemies_force_cap_normal_title",
			"description":"MoreEnemies_force_cap_normal_desc",
			"callback":"MoreEnemies_force_cap_normal",
			"value":"force_cap_normal",
			"default_value":70,
			"max":999,
			"min":0,
			"step":1
		},
		{
			"type":"slider",
			"id":"id_MoreEnemies_general_groups_multiplier",
			"title":"MoreEnemies_general_groups_multiplier_title",
			"description":"MoreEnemies_general_groups_multiplier_desc",
			"callback":"MoreEnemies_general_groups_multiplier",
			"value":"general_groups_multiplier",
			"default_value":4,
			"max":10,
			"min":0,
			"step":1
		},
		{
			"type":"slider",
			"id":"id_MoreEnemies_general_max_of_groups",
			"title":"MoreEnemies_general_max_of_groups_title",
			"description":"MoreEnemies_general_max_of_groups_desc",
			"callback":"MoreEnemies_general_max_of_groups",
			"value":"general_max_of_groups",
			"default_value":8,
			"max":50,
			"min":0,
			"step":1
		},
		{
			"type":"slider",
			"id":"id_MoreEnemies_special_max_tank",
			"title":"MoreEnemies_special_max_tank_title",
			"description":"MoreEnemies_menu_desc",
			"callback":"MoreEnemies_special_max_tank",
			"value":"special_max_tank",
			"default_value":8,
			"max":999,
			"min":0,
			"step":1
		},
		{
			"type":"slider",
			"id":"id_MoreEnemies_special_max_taser",
			"title":"MoreEnemies_special_max_taser_title",
			"description":"MoreEnemies_menu_desc",
			"callback":"MoreEnemies_special_max_taser",
			"value":"special_max_taser",
			"default_value":8,
			"max":999,
			"min":0,
			"step":1
		},
		{
			"type":"slider",
			"id":"id_MoreEnemies_special_max_spooc",
			"title":"MoreEnemies_special_max_spooc_title",
			"description":"MoreEnemies_menu_desc",
			"callback":"MoreEnemies_special_max_spooc",
			"value":"special_max_spooc",
			"default_value":8,
			"max":999,
			"min":0,
			"step":1
		},
		{
			"type":"slider",
			"id":"id_MoreEnemies_special_max_shield",
			"title":"MoreEnemies_special_max_shield_title",
			"description":"MoreEnemies_menu_desc",
			"callback":"MoreEnemies_special_max_shield",
			"value":"special_max_shield",
			"default_value":16,
			"max":999,
			"min":0,
			"step":1
		},
		{
			"type":"slider",
			"id":"id_MoreEnemies_special_max_medic",
			"title":"MoreEnemies_special_max_medic_title",
			"description":"MoreEnemies_menu_desc",
			"callback":"MoreEnemies_special_max_medic",
			"value":"special_max_medic",
			"default_value":16,
			"max":999,
			"min":0,
			"step":1
		},
		{
			"type":"slider",
			"id":"id_MoreEnemies_special_max_sniper",
			"title":"MoreEnemies_special_max_sniper_title",
			"description":"MoreEnemies_menu_desc",
			"callback":"MoreEnemies_special_max_sniper",
			"value":"special_max_sniper",
			"default_value":16,
			"max":999,
			"min":0,
			"step":1
		},
		{
			"type":"slider",
			"id":"id_MoreEnemies_more_spawn",
			"title":"MoreEnemies_menu_more_spawn_title",
			"description":"MoreEnemies_menu_more_spawn_desc",
			"callback":"MoreEnemies_more_spawn",
			"value":"more_spawn",
			"default_value":2,
			"max":100,
			"min":0,
			"step":1
		}
	]
}